{
  "deviceName": "dsPIC33EV64GM102",
  "communicationProtocol": {
    "name": "UART1"
  },
  "memoryPartition": 0,
  "applicationResetAddress": 8192,
  "maxPayloadSize": 256,
  "version": "1.5",
  "bootloaderEndAddressExclusive": 8192,
  "applicationStartAddress": 8192,
  "applicationEndAddress": 43006,
  "userIvtTableAddress": 8704,
  "interrupts": [
    {
      "name": "OscillatorFail",
      "mappingOption": "REMAP_TO_APPLICATION"
    },
    {
      "name": "AddressError",
      "mappingOption": "REMAP_TO_APPLICATION"
    },
    {
      "name": "HardTrapError",
      "mappingOption": "REMAP_TO_APPLICATION"
    },
    {
      "name": "StackError",
      "mappingOption": "REMAP_TO_APPLICATION"
    },
    {
      "name": "MathError",
      "mappingOption": "REMAP_TO_APPLICATION"
    },
    {
      "name": "DMACError",
      "mappingOption": "REMAP_TO_APPLICATION"
    },
    {
      "name": "SoftTrapError",
      "mappingOption": "REMAP_TO_APPLICATION"
    },
    {
      "name": "ReservedTrap7",
      "mappingOption": "REMAP_TO_APPLICATION_DEFAULT"
    },
    {
      "name": "INT0Interrupt",
      "mappingOption": "REMAP_TO_APPLICATION"
    },
    {
      "name": "IC1Interrupt",
      "mappingOption": "REMAP_TO_APPLICATION"
    },
    {
      "name": "OC1Interrupt",
      "mappingOption": "REMAP_TO_APPLICATION"
    },
    {
      "name": "T1Interrupt",
      "mappingOption": "REMAP_TO_APPLICATION"
    },
    {
      "name": "DMA0Interrupt",
      "mappingOption": "REMAP_TO_APPLICATION"
    },
    {
      "name": "IC2Interrupt",
      "mappingOption": "REMAP_TO_APPLICATION"
    },
    {
      "name": "OC2Interrupt",
      "mappingOption": "REMAP_TO_APPLICATION"
    },
    {
      "name": "T2Interrupt",
      "mappingOption": "REMAP_TO_APPLICATION"
    },
    {
      "name": "T3Interrupt",
      "mappingOption": "REMAP_TO_APPLICATION"
    },
    {
      "name": "SPI1ErrInterrupt",
      "mappingOption": "REMAP_TO_APPLICATION"
    },
    {
      "name": "SPI1Interrupt",
      "mappingOption": "REMAP_TO_APPLICATION"
    },
    {
      "name": "U1RXInterrupt",
      "mappingOption": "REMAP_TO_APPLICATION"
    },
    {
      "name": "U1TXInterrupt",
      "mappingOption": "REMAP_TO_APPLICATION"
    },
    {
      "name": "AD1Interrupt",
      "mappingOption": "REMAP_TO_APPLICATION"
    },
    {
      "name": "DMA1Interrupt",
      "mappingOption": "REMAP_TO_APPLICATION"
    },
    {
      "name": "NVMInterrupt",
      "mappingOption": "REMAP_TO_APPLICATION"
    },
    {
      "name": "SI2C1Interrupt",
      "mappingOption": "REMAP_TO_APPLICATION"
    },
    {
      "name": "MI2C1Interrupt",
      "mappingOption": "REMAP_TO_APPLICATION"
    },
    {
      "name": "CMP1Interrupt",
      "mappingOption": "REMAP_TO_APPLICATION"
    },
    {
      "name": "CNInterrupt",
      "mappingOption": "REMAP_TO_APPLICATION"
    },
    {
      "name": "INT1Interrupt",
      "mappingOption": "REMAP_TO_APPLICATION"
    },
    {
      "name": "Interrupt21",
      "mappingOption": "REMAP_TO_APPLICATION_DEFAULT"
    },
    {
      "name": "Interrupt22",
      "mappingOption": "REMAP_TO_APPLICATION_DEFAULT"
    },
    {
      "name": "Interrupt23",
      "mappingOption": "REMAP_TO_APPLICATION_DEFAULT"
    },
    {
      "name": "DMA2Interrupt",
      "mappingOption": "REMAP_TO_APPLICATION"
    },
    {
      "name": "OC3Interrupt",
      "mappingOption": "REMAP_TO_APPLICATION"
    },
    {
      "name": "OC4Interrupt",
      "mappingOption": "REMAP_TO_APPLICATION"
    },
    {
      "name": "T4Interrupt",
      "mappingOption": "REMAP_TO_APPLICATION"
    },
    {
      "name": "T5Interrupt",
      "mappingOption": "REMAP_TO_APPLICATION"
    },
    {
      "name": "INT2Interrupt",
      "mappingOption": "REMAP_TO_APPLICATION"
    },
    {
      "name": "U2RXInterrupt",
      "mappingOption": "REMAP_TO_APPLICATION"
    },
    {
      "name": "U2TXInterrupt",
      "mappingOption": "REMAP_TO_APPLICATION"
    },
    {
      "name": "SPI2ErrInterrupt",
      "mappingOption": "REMAP_TO_APPLICATION"
    },
    {
      "name": "SPI2Interrupt",
      "mappingOption": "REMAP_TO_APPLICATION"
    },
    {
      "name": "C1RxRdyInterrupt",
      "mappingOption": "REMAP_TO_APPLICATION"
    },
    {
      "name": "C1Interrupt",
      "mappingOption": "REMAP_TO_APPLICATION"
    },
    {
      "name": "DMA3Interrupt",
      "mappingOption": "REMAP_TO_APPLICATION"
    },
    {
      "name": "IC3Interrupt",
      "mappingOption": "REMAP_TO_APPLICATION"
    },
    {
      "name": "IC4Interrupt",
      "mappingOption": "REMAP_TO_APPLICATION"
    },
    {
      "name": "Interrupt39",
      "mappingOption": "REMAP_TO_APPLICATION_DEFAULT"
    },
    {
      "name": "Interrupt40",
      "mappingOption": "REMAP_TO_APPLICATION_DEFAULT"
    },
    {
      "name": "Interrupt41",
      "mappingOption": "REMAP_TO_APPLICATION_DEFAULT"
    },
    {
      "name": "Interrupt42",
      "mappingOption": "REMAP_TO_APPLICATION_DEFAULT"
    },
    {
      "name": "Interrupt43",
      "mappingOption": "REMAP_TO_APPLICATION_DEFAULT"
    },
    {
      "name": "Interrupt44",
      "mappingOption": "REMAP_TO_APPLICATION_DEFAULT"
    },
    {
      "name": "Interrupt45",
      "mappingOption": "REMAP_TO_APPLICATION_DEFAULT"
    },
    {
      "name": "Interrupt46",
      "mappingOption": "REMAP_TO_APPLICATION_DEFAULT"
    },
    {
      "name": "Interrupt47",
      "mappingOption": "REMAP_TO_APPLICATION_DEFAULT"
    },
    {
      "name": "Interrupt48",
      "mappingOption": "REMAP_TO_APPLICATION_DEFAULT"
    },
    {
      "name": "Interrupt49",
      "mappingOption": "REMAP_TO_APPLICATION_DEFAULT"
    },
    {
      "name": "Interrupt50",
      "mappingOption": "REMAP_TO_APPLICATION_DEFAULT"
    },
    {
      "name": "Interrupt51",
      "mappingOption": "REMAP_TO_APPLICATION_DEFAULT"
    },
    {
      "name": "Interrupt52",
      "mappingOption": "REMAP_TO_APPLICATION_DEFAULT"
    },
    {
      "name": "Interrupt53",
      "mappingOption": "REMAP_TO_APPLICATION_DEFAULT"
    },
    {
      "name": "Interrupt54",
      "mappingOption": "REMAP_TO_APPLICATION_DEFAULT"
    },
    {
      "name": "Interrupt55",
      "mappingOption": "REMAP_TO_APPLICATION_DEFAULT"
    },
    {
      "name": "Interrupt56",
      "mappingOption": "REMAP_TO_APPLICATION_DEFAULT"
    },
    {
      "name": "PWMSpEventMatchInterrupt",
      "mappingOption": "REMAP_TO_APPLICATION"
    },
    {
      "name": "Interrupt58",
      "mappingOption": "REMAP_TO_APPLICATION_DEFAULT"
    },
    {
      "name": "Interrupt59",
      "mappingOption": "REMAP_TO_APPLICATION_DEFAULT"
    },
    {
      "name": "Interrupt60",
      "mappingOption": "REMAP_TO_APPLICATION_DEFAULT"
    },
    {
      "name": "Interrupt61",
      "mappingOption": "REMAP_TO_APPLICATION_DEFAULT"
    },
    {
      "name": "Interrupt62",
      "mappingOption": "REMAP_TO_APPLICATION_DEFAULT"
    },
    {
      "name": "Interrupt63",
      "mappingOption": "REMAP_TO_APPLICATION_DEFAULT"
    },
    {
      "name": "Interrupt64",
      "mappingOption": "REMAP_TO_APPLICATION_DEFAULT"
    },
    {
      "name": "U1ErrInterrupt",
      "mappingOption": "REMAP_TO_APPLICATION"
    },
    {
      "name": "U2ErrInterrupt",
      "mappingOption": "REMAP_TO_APPLICATION"
    },
    {
      "name": "Interrupt67",
      "mappingOption": "REMAP_TO_APPLICATION_DEFAULT"
    },
    {
      "name": "Interrupt68",
      "mappingOption": "REMAP_TO_APPLICATION_DEFAULT"
    },
    {
      "name": "Interrupt69",
      "mappingOption": "REMAP_TO_APPLICATION_DEFAULT"
    },
    {
      "name": "C1TXInterrupt",
      "mappingOption": "REMAP_TO_APPLICATION"
    },
    {
      "name": "Interrupt71",
      "mappingOption": "REMAP_TO_APPLICATION_DEFAULT"
    },
    {
      "name": "Interrupt72",
      "mappingOption": "REMAP_TO_APPLICATION_DEFAULT"
    },
    {
      "name": "Interrupt73",
      "mappingOption": "REMAP_TO_APPLICATION_DEFAULT"
    },
    {
      "name": "Interrupt74",
      "mappingOption": "REMAP_TO_APPLICATION_DEFAULT"
    },
    {
      "name": "Interrupt75",
      "mappingOption": "REMAP_TO_APPLICATION_DEFAULT"
    },
    {
      "name": "Interrupt76",
      "mappingOption": "REMAP_TO_APPLICATION_DEFAULT"
    },
    {
      "name": "CTMUInterrupt",
      "mappingOption": "REMAP_TO_APPLICATION"
    },
    {
      "name": "Interrupt78",
      "mappingOption": "REMAP_TO_APPLICATION_DEFAULT"
    },
    {
      "name": "Interrupt79",
      "mappingOption": "REMAP_TO_APPLICATION_DEFAULT"
    },
    {
      "name": "Interrupt80",
      "mappingOption": "REMAP_TO_APPLICATION_DEFAULT"
    },
    {
      "name": "Interrupt81",
      "mappingOption": "REMAP_TO_APPLICATION_DEFAULT"
    },
    {
      "name": "Interrupt82",
      "mappingOption": "REMAP_TO_APPLICATION_DEFAULT"
    },
    {
      "name": "Interrupt83",
      "mappingOption": "REMAP_TO_APPLICATION_DEFAULT"
    },
    {
      "name": "Interrupt84",
      "mappingOption": "REMAP_TO_APPLICATION_DEFAULT"
    },
    {
      "name": "Interrupt85",
      "mappingOption": "REMAP_TO_APPLICATION_DEFAULT"
    },
    {
      "name": "Interrupt86",
      "mappingOption": "REMAP_TO_APPLICATION_DEFAULT"
    },
    {
      "name": "Interrupt87",
      "mappingOption": "REMAP_TO_APPLICATION_DEFAULT"
    },
    {
      "name": "Interrupt88",
      "mappingOption": "REMAP_TO_APPLICATION_DEFAULT"
    },
    {
      "name": "Interrupt89",
      "mappingOption": "REMAP_TO_APPLICATION_DEFAULT"
    },
    {
      "name": "Interrupt90",
      "mappingOption": "REMAP_TO_APPLICATION_DEFAULT"
    },
    {
      "name": "Interrupt91",
      "mappingOption": "REMAP_TO_APPLICATION_DEFAULT"
    },
    {
      "name": "Interrupt92",
      "mappingOption": "REMAP_TO_APPLICATION_DEFAULT"
    },
    {
      "name": "Interrupt93",
      "mappingOption": "REMAP_TO_APPLICATION_DEFAULT"
    },
    {
      "name": "PWM1Interrupt",
      "mappingOption": "REMAP_TO_APPLICATION"
    },
    {
      "name": "PWM2Interrupt",
      "mappingOption": "REMAP_TO_APPLICATION"
    },
    {
      "name": "PWM3Interrupt",
      "mappingOption": "REMAP_TO_APPLICATION"
    },
    {
      "name": "Interrupt97",
      "mappingOption": "REMAP_TO_APPLICATION_DEFAULT"
    },
    {
      "name": "Interrupt98",
      "mappingOption": "REMAP_TO_APPLICATION_DEFAULT"
    },
    {
      "name": "Interrupt99",
      "mappingOption": "REMAP_TO_APPLICATION_DEFAULT"
    },
    {
      "name": "Interrupt100",
      "mappingOption": "REMAP_TO_APPLICATION_DEFAULT"
    },
    {
      "name": "Interrupt101",
      "mappingOption": "REMAP_TO_APPLICATION_DEFAULT"
    },
    {
      "name": "Interrupt102",
      "mappingOption": "REMAP_TO_APPLICATION_DEFAULT"
    },
    {
      "name": "Interrupt103",
      "mappingOption": "REMAP_TO_APPLICATION_DEFAULT"
    },
    {
      "name": "Interrupt104",
      "mappingOption": "REMAP_TO_APPLICATION_DEFAULT"
    },
    {
      "name": "Interrupt105",
      "mappingOption": "REMAP_TO_APPLICATION_DEFAULT"
    },
    {
      "name": "Interrupt106",
      "mappingOption": "REMAP_TO_APPLICATION_DEFAULT"
    },
    {
      "name": "Interrupt107",
      "mappingOption": "REMAP_TO_APPLICATION_DEFAULT"
    },
    {
      "name": "Interrupt108",
      "mappingOption": "REMAP_TO_APPLICATION_DEFAULT"
    },
    {
      "name": "Interrupt109",
      "mappingOption": "REMAP_TO_APPLICATION_DEFAULT"
    },
    {
      "name": "Interrupt110",
      "mappingOption": "REMAP_TO_APPLICATION_DEFAULT"
    },
    {
      "name": "Interrupt111",
      "mappingOption": "REMAP_TO_APPLICATION_DEFAULT"
    },
    {
      "name": "Interrupt112",
      "mappingOption": "REMAP_TO_APPLICATION_DEFAULT"
    },
    {
      "name": "Interrupt113",
      "mappingOption": "REMAP_TO_APPLICATION_DEFAULT"
    },
    {
      "name": "Interrupt114",
      "mappingOption": "REMAP_TO_APPLICATION_DEFAULT"
    },
    {
      "name": "Interrupt115",
      "mappingOption": "REMAP_TO_APPLICATION_DEFAULT"
    },
    {
      "name": "Interrupt116",
      "mappingOption": "REMAP_TO_APPLICATION_DEFAULT"
    },
    {
      "name": "Interrupt117",
      "mappingOption": "REMAP_TO_APPLICATION_DEFAULT"
    },
    {
      "name": "Interrupt118",
      "mappingOption": "REMAP_TO_APPLICATION_DEFAULT"
    },
    {
      "name": "Interrupt119",
      "mappingOption": "REMAP_TO_APPLICATION_DEFAULT"
    },
    {
      "name": "Interrupt120",
      "mappingOption": "REMAP_TO_APPLICATION_DEFAULT"
    },
    {
      "name": "Interrupt121",
      "mappingOption": "REMAP_TO_APPLICATION_DEFAULT"
    },
    {
      "name": "Interrupt122",
      "mappingOption": "REMAP_TO_APPLICATION_DEFAULT"
    },
    {
      "name": "Interrupt123",
      "mappingOption": "REMAP_TO_APPLICATION_DEFAULT"
    },
    {
      "name": "Interrupt124",
      "mappingOption": "REMAP_TO_APPLICATION_DEFAULT"
    },
    {
      "name": "Interrupt125",
      "mappingOption": "REMAP_TO_APPLICATION_DEFAULT"
    },
    {
      "name": "Interrupt126",
      "mappingOption": "REMAP_TO_APPLICATION_DEFAULT"
    },
    {
      "name": "Interrupt127",
      "mappingOption": "REMAP_TO_APPLICATION_DEFAULT"
    },
    {
      "name": "Interrupt128",
      "mappingOption": "REMAP_TO_APPLICATION_DEFAULT"
    },
    {
      "name": "Interrupt129",
      "mappingOption": "REMAP_TO_APPLICATION_DEFAULT"
    },
    {
      "name": "Interrupt130",
      "mappingOption": "REMAP_TO_APPLICATION_DEFAULT"
    },
    {
      "name": "Interrupt131",
      "mappingOption": "REMAP_TO_APPLICATION_DEFAULT"
    },
    {
      "name": "Interrupt132",
      "mappingOption": "REMAP_TO_APPLICATION_DEFAULT"
    },
    {
      "name": "Interrupt133",
      "mappingOption": "REMAP_TO_APPLICATION_DEFAULT"
    },
    {
      "name": "Interrupt134",
      "mappingOption": "REMAP_TO_APPLICATION_DEFAULT"
    },
    {
      "name": "Interrupt135",
      "mappingOption": "REMAP_TO_APPLICATION_DEFAULT"
    },
    {
      "name": "Interrupt136",
      "mappingOption": "REMAP_TO_APPLICATION_DEFAULT"
    },
    {
      "name": "Interrupt137",
      "mappingOption": "REMAP_TO_APPLICATION_DEFAULT"
    },
    {
      "name": "Interrupt138",
      "mappingOption": "REMAP_TO_APPLICATION_DEFAULT"
    },
    {
      "name": "Interrupt139",
      "mappingOption": "REMAP_TO_APPLICATION_DEFAULT"
    },
    {
      "name": "Interrupt140",
      "mappingOption": "REMAP_TO_APPLICATION_DEFAULT"
    },
    {
      "name": "Interrupt141",
      "mappingOption": "REMAP_TO_APPLICATION_DEFAULT"
    },
    {
      "name": "ICDInterrupt",
      "mappingOption": "REMAP_TO_APPLICATION"
    },
    {
      "name": "Interrupt143",
      "mappingOption": "REMAP_TO_APPLICATION_DEFAULT"
    },
    {
      "name": "Interrupt144",
      "mappingOption": "REMAP_TO_APPLICATION_DEFAULT"
    },
    {
      "name": "Interrupt145",
      "mappingOption": "REMAP_TO_APPLICATION_DEFAULT"
    },
    {
      "name": "Interrupt146",
      "mappingOption": "REMAP_TO_APPLICATION_DEFAULT"
    },
    {
      "name": "Interrupt147",
      "mappingOption": "REMAP_TO_APPLICATION_DEFAULT"
    },
    {
      "name": "Interrupt148",
      "mappingOption": "REMAP_TO_APPLICATION_DEFAULT"
    },
    {
      "name": "Interrupt149",
      "mappingOption": "REMAP_TO_APPLICATION_DEFAULT"
    },
    {
      "name": "Interrupt150",
      "mappingOption": "REMAP_TO_APPLICATION_DEFAULT"
    },
    {
      "name": "Interrupt151",
      "mappingOption": "REMAP_TO_APPLICATION_DEFAULT"
    },
    {
      "name": "Interrupt152",
      "mappingOption": "REMAP_TO_APPLICATION_DEFAULT"
    },
    {
      "name": "Interrupt153",
      "mappingOption": "REMAP_TO_APPLICATION_DEFAULT"
    },
    {
      "name": "Interrupt154",
      "mappingOption": "REMAP_TO_APPLICATION_DEFAULT"
    },
    {
      "name": "Interrupt155",
      "mappingOption": "REMAP_TO_APPLICATION_DEFAULT"
    },
    {
      "name": "Interrupt156",
      "mappingOption": "REMAP_TO_APPLICATION_DEFAULT"
    },
    {
      "name": "Interrupt157",
      "mappingOption": "REMAP_TO_APPLICATION_DEFAULT"
    },
    {
      "name": "Interrupt158",
      "mappingOption": "REMAP_TO_APPLICATION_DEFAULT"
    },
    {
      "name": "Interrupt159",
      "mappingOption": "REMAP_TO_APPLICATION_DEFAULT"
    },
    {
      "name": "Interrupt160",
      "mappingOption": "REMAP_TO_APPLICATION_DEFAULT"
    },
    {
      "name": "Interrupt161",
      "mappingOption": "REMAP_TO_APPLICATION_DEFAULT"
    },
    {
      "name": "Interrupt162",
      "mappingOption": "REMAP_TO_APPLICATION_DEFAULT"
    },
    {
      "name": "Interrupt163",
      "mappingOption": "REMAP_TO_APPLICATION_DEFAULT"
    },
    {
      "name": "Interrupt164",
      "mappingOption": "REMAP_TO_APPLICATION_DEFAULT"
    },
    {
      "name": "Interrupt165",
      "mappingOption": "REMAP_TO_APPLICATION_DEFAULT"
    },
    {
      "name": "Interrupt166",
      "mappingOption": "REMAP_TO_APPLICATION_DEFAULT"
    },
    {
      "name": "Interrupt167",
      "mappingOption": "REMAP_TO_APPLICATION_DEFAULT"
    },
    {
      "name": "Interrupt168",
      "mappingOption": "REMAP_TO_APPLICATION_DEFAULT"
    },
    {
      "name": "Interrupt169",
      "mappingOption": "REMAP_TO_APPLICATION_DEFAULT"
    },
    {
      "name": "Interrupt170",
      "mappingOption": "REMAP_TO_APPLICATION_DEFAULT"
    },
    {
      "name": "Interrupt171",
      "mappingOption": "REMAP_TO_APPLICATION_DEFAULT"
    },
    {
      "name": "Interrupt172",
      "mappingOption": "REMAP_TO_APPLICATION_DEFAULT"
    },
    {
      "name": "I2C1Interrupt",
      "mappingOption": "REMAP_TO_APPLICATION"
    },
    {
      "name": "Interrupt174",
      "mappingOption": "REMAP_TO_APPLICATION_DEFAULT"
    },
    {
      "name": "Interrupt175",
      "mappingOption": "REMAP_TO_APPLICATION_DEFAULT"
    },
    {
      "name": "Interrupt176",
      "mappingOption": "REMAP_TO_APPLICATION_DEFAULT"
    },
    {
      "name": "Interrupt177",
      "mappingOption": "REMAP_TO_APPLICATION_DEFAULT"
    },
    {
      "name": "Interrupt178",
      "mappingOption": "REMAP_TO_APPLICATION_DEFAULT"
    },
    {
      "name": "Interrupt179",
      "mappingOption": "REMAP_TO_APPLICATION_DEFAULT"
    },
    {
      "name": "Interrupt180",
      "mappingOption": "REMAP_TO_APPLICATION_DEFAULT"
    },
    {
      "name": "Interrupt181",
      "mappingOption": "REMAP_TO_APPLICATION_DEFAULT"
    },
    {
      "name": "SENT1ERRInterrupt",
      "mappingOption": "REMAP_TO_APPLICATION"
    },
    {
      "name": "SENT1Interrupt",
      "mappingOption": "REMAP_TO_APPLICATION"
    },
    {
      "name": "SENT2ERRInterrupt",
      "mappingOption": "REMAP_TO_APPLICATION"
    },
    {
      "name": "SENT2Interrupt",
      "mappingOption": "REMAP_TO_APPLICATION"
    },
    {
      "name": "ECCSBEInterrupt",
      "mappingOption": "REMAP_TO_APPLICATION"
    },
    {
      "name": "Interrupt187",
      "mappingOption": "REMAP_TO_APPLICATION_DEFAULT"
    },
    {
      "name": "Interrupt188",
      "mappingOption": "REMAP_TO_APPLICATION_DEFAULT"
    },
    {
      "name": "Interrupt189",
      "mappingOption": "REMAP_TO_APPLICATION_DEFAULT"
    },
    {
      "name": "Interrupt190",
      "mappingOption": "REMAP_TO_APPLICATION_DEFAULT"
    },
    {
      "name": "Interrupt191",
      "mappingOption": "REMAP_TO_APPLICATION_DEFAULT"
    },
    {
      "name": "Interrupt192",
      "mappingOption": "REMAP_TO_APPLICATION_DEFAULT"
    },
    {
      "name": "Interrupt193",
      "mappingOption": "REMAP_TO_APPLICATION_DEFAULT"
    },
    {
      "name": "Interrupt194",
      "mappingOption": "REMAP_TO_APPLICATION_DEFAULT"
    },
    {
      "name": "Interrupt195",
      "mappingOption": "REMAP_TO_APPLICATION_DEFAULT"
    },
    {
      "name": "Interrupt196",
      "mappingOption": "REMAP_TO_APPLICATION_DEFAULT"
    },
    {
      "name": "Interrupt197",
      "mappingOption": "REMAP_TO_APPLICATION_DEFAULT"
    },
    {
      "name": "Interrupt198",
      "mappingOption": "REMAP_TO_APPLICATION_DEFAULT"
    },
    {
      "name": "Interrupt199",
      "mappingOption": "REMAP_TO_APPLICATION_DEFAULT"
    },
    {
      "name": "Interrupt200",
      "mappingOption": "REMAP_TO_APPLICATION_DEFAULT"
    },
    {
      "name": "Interrupt201",
      "mappingOption": "REMAP_TO_APPLICATION_DEFAULT"
    },
    {
      "name": "Interrupt202",
      "mappingOption": "REMAP_TO_APPLICATION_DEFAULT"
    },
    {
      "name": "Interrupt203",
      "mappingOption": "REMAP_TO_APPLICATION_DEFAULT"
    },
    {
      "name": "Interrupt204",
      "mappingOption": "REMAP_TO_APPLICATION_DEFAULT"
    },
    {
      "name": "Interrupt205",
      "mappingOption": "REMAP_TO_APPLICATION_DEFAULT"
    },
    {
      "name": "Interrupt206",
      "mappingOption": "REMAP_TO_APPLICATION_DEFAULT"
    },
    {
      "name": "Interrupt207",
      "mappingOption": "REMAP_TO_APPLICATION_DEFAULT"
    },
    {
      "name": "Interrupt208",
      "mappingOption": "REMAP_TO_APPLICATION_DEFAULT"
    },
    {
      "name": "Interrupt209",
      "mappingOption": "REMAP_TO_APPLICATION_DEFAULT"
    },
    {
      "name": "Interrupt210",
      "mappingOption": "REMAP_TO_APPLICATION_DEFAULT"
    },
    {
      "name": "Interrupt211",
      "mappingOption": "REMAP_TO_APPLICATION_DEFAULT"
    },
    {
      "name": "Interrupt212",
      "mappingOption": "REMAP_TO_APPLICATION_DEFAULT"
    },
    {
      "name": "Interrupt213",
      "mappingOption": "REMAP_TO_APPLICATION_DEFAULT"
    },
    {
      "name": "Interrupt214",
      "mappingOption": "REMAP_TO_APPLICATION_DEFAULT"
    },
    {
      "name": "Interrupt215",
      "mappingOption": "REMAP_TO_APPLICATION_DEFAULT"
    },
    {
      "name": "Interrupt216",
      "mappingOption": "REMAP_TO_APPLICATION_DEFAULT"
    },
    {
      "name": "Interrupt217",
      "mappingOption": "REMAP_TO_APPLICATION_DEFAULT"
    },
    {
      "name": "Interrupt218",
      "mappingOption": "REMAP_TO_APPLICATION_DEFAULT"
    },
    {
      "name": "Interrupt219",
      "mappingOption": "REMAP_TO_APPLICATION_DEFAULT"
    },
    {
      "name": "Interrupt220",
      "mappingOption": "REMAP_TO_APPLICATION_DEFAULT"
    },
    {
      "name": "Interrupt221",
      "mappingOption": "REMAP_TO_APPLICATION_DEFAULT"
    },
    {
      "name": "Interrupt222",
      "mappingOption": "REMAP_TO_APPLICATION_DEFAULT"
    },
    {
      "name": "Interrupt223",
      "mappingOption": "REMAP_TO_APPLICATION_DEFAULT"
    },
    {
      "name": "Interrupt224",
      "mappingOption": "REMAP_TO_APPLICATION_DEFAULT"
    },
    {
      "name": "Interrupt225",
      "mappingOption": "REMAP_TO_APPLICATION_DEFAULT"
    },
    {
      "name": "Interrupt226",
      "mappingOption": "REMAP_TO_APPLICATION_DEFAULT"
    },
    {
      "name": "Interrupt227",
      "mappingOption": "REMAP_TO_APPLICATION_DEFAULT"
    },
    {
      "name": "Interrupt228",
      "mappingOption": "REMAP_TO_APPLICATION_DEFAULT"
    },
    {
      "name": "Interrupt229",
      "mappingOption": "REMAP_TO_APPLICATION_DEFAULT"
    },
    {
      "name": "Interrupt230",
      "mappingOption": "REMAP_TO_APPLICATION_DEFAULT"
    },
    {
      "name": "Interrupt231",
      "mappingOption": "REMAP_TO_APPLICATION_DEFAULT"
    },
    {
      "name": "Interrupt232",
      "mappingOption": "REMAP_TO_APPLICATION_DEFAULT"
    },
    {
      "name": "Interrupt233",
      "mappingOption": "REMAP_TO_APPLICATION_DEFAULT"
    },
    {
      "name": "Interrupt234",
      "mappingOption": "REMAP_TO_APPLICATION_DEFAULT"
    },
    {
      "name": "Interrupt235",
      "mappingOption": "REMAP_TO_APPLICATION_DEFAULT"
    },
    {
      "name": "Interrupt236",
      "mappingOption": "REMAP_TO_APPLICATION_DEFAULT"
    },
    {
      "name": "Interrupt237",
      "mappingOption": "REMAP_TO_APPLICATION_DEFAULT"
    },
    {
      "name": "Interrupt238",
      "mappingOption": "REMAP_TO_APPLICATION_DEFAULT"
    },
    {
      "name": "Interrupt239",
      "mappingOption": "REMAP_TO_APPLICATION_DEFAULT"
    },
    {
      "name": "Interrupt240",
      "mappingOption": "REMAP_TO_APPLICATION_DEFAULT"
    },
    {
      "name": "Interrupt241",
      "mappingOption": "REMAP_TO_APPLICATION_DEFAULT"
    },
    {
      "name": "Interrupt242",
      "mappingOption": "REMAP_TO_APPLICATION_DEFAULT"
    },
    {
      "name": "Interrupt243",
      "mappingOption": "REMAP_TO_APPLICATION_DEFAULT"
    },
    {
      "name": "Interrupt244",
      "mappingOption": "REMAP_TO_APPLICATION_DEFAULT"
    },
    {
      "name": "Interrupt245",
      "mappingOption": "REMAP_TO_APPLICATION_DEFAULT"
    }
  ],
  "disabledCommands": [
    "checksum"
  ],
  "configurationBitSettings": [
    {
      "key": "WDTPOST",
      "value": "PS1024"
    },
    {
      "key": "POSCMD",
      "value": "NONE"
    },
    {
      "key": "CWRP",
      "value": "OFF"
    },
    {
      "key": "PLLKEN",
      "value": "ON"
    },
    {
      "key": "PWMLOCK",
      "value": "OFF"
    },
    {
      "key": "ALTI2C1",
      "value": "OFF"
    },
    {
      "key": "BSS2",
      "value": "OFF"
    },
    {
      "key": "BWRP",
      "value": "OFF"
    },
    {
      "key": "CSS",
      "value": "DISABLED"
    },
    {
      "key": "FCKSM",
      "value": "CSECMD"
    },
    {
      "key": "WDTPRE",
      "value": "PR32"
    },
    {
      "key": "CTXT2",
      "value": "OFF"
    },
    {
      "key": "WDTWIN",
      "value": "WIN25"
    },
    {
      "key": "DMTCNTL",
      "value": "0"
    },
    {
      "key": "FWDTEN",
      "value": "ON"
    },
    {
      "key": "GSS",
      "value": "DISABLED"
    },
    {
      "key": "DMTCNTH",
      "value": "0"
    },
    {
      "key": "BSLIM",
      "value": "8191"
    },
    {
      "key": "ICS",
      "value": "PGx2"
    },
    {
      "key": "IOL1WAY",
      "value": "OFF"
    },
    {
      "key": "WINDIS",
      "value": "OFF"
    },
    {
      "key": "DMTEN",
      "value": "DISABLE"
    },
    {
      "key": "OSCIOFNC",
      "value": "ON"
    },
    {
      "key": "GWRP",
      "value": "OFF"
    },
    {
      "key": "BSS",
      "value": "DISABLED"
    },
    {
      "key": "BOREN0",
      "value": "ON"
    },
    {
      "key": "DMTIVTL",
      "value": "0"
    },
    {
      "key": "CTXT1",
      "value": "OFF"
    },
    {
      "key": "DMTIVTH",
      "value": "0"
    },
    {
      "key": "FNOSC",
      "value": "FRCPLL"
    },
    {
      "key": "AIVTDIS",
      "value": "DISABLE"
    },
    {
      "key": "IESO",
      "value": "OFF"
    }
  ],
  "verification": "Not Blank",
  "bootloaderFoscValue": 60802500,
  "isCodeProtectEnabled": false,
  "isAntiRollBackEnabled": false,
  "downloadStartAddress": 8192,
  "downloadEndAddress": 43006
}