<?xml version="1.0" encoding="UTF-8"?>
<project-private xmlns="http://www.netbeans.org/ns/project-private/1">
    <editor-bookmarks xmlns="http://www.netbeans.org/ns/editor-bookmarks/2" lastBookmarkId="0"/>
    <open-files xmlns="http://www.netbeans.org/ns/projectui-open-files/2">
        <group>
            <file>file:/C:/Users/marek/MPLABXProjects/brake485.X/sericom.c</file>
            <file>file:/C:/Users/marek/MPLABXProjects/brake485.X/sericom.h</file>
            <file>file:/C:/Users/marek/MPLABXProjects/brake485.X/variousfcs.c</file>
            <file>file:/C:/Users/marek/MPLABXProjects/brake485.X/mcc_generated_files/adc1.h</file>
            <file>file:/C:/Users/marek/MPLABXProjects/brake485.X/mcc_generated_files/uart1.c</file>
            <file>file:/C:/Users/marek/MPLABXProjects/brake485.X/mcc_generated_files/mcc.h</file>
        </group>
    </open-files>
</project-private>
