<?xml version="1.0" encoding="UTF-8"?>
<project-private xmlns="http://www.netbeans.org/ns/project-private/1">
    <editor-bookmarks xmlns="http://www.netbeans.org/ns/editor-bookmarks/2" lastBookmarkId="0"/>
    <open-files xmlns="http://www.netbeans.org/ns/projectui-open-files/2">
        <group>
            <file>file:/C:/Users/marek/MPLABXProjects/bootec.X/mcc_generated_files/boot/boot_demo.c</file>
            <file>file:/C:/Users/marek/MPLABXProjects/bootec.X/mcc_generated_files/boot/com_adaptor_uart.c</file>
            <file>file:/C:/Users/marek/MPLABXProjects/bootec.X/main.c</file>
        </group>
    </open-files>
</project-private>
